{"cameraMode":{"drawMode":0,"name":"Shaded","section":"Shading Mode"},"sceneLighting":true,"audioPlay":false,"sceneViewState":{"showFog":true,"showMaterialUpdate":false,"showSkybox":true,"showFlares":true,"showImageEffects":true,"showParticleSystems":true},"in2DMode":false,"pivot":{"x":1.6315815448760987,"y":0.03794145584106445,"z":-0.08031511306762696},"rotation":{"x":-0.03350929170846939,"y":0.9645636677742004,"z":-0.213478222489357,"w":-0.15140673518180848},"size":9.139269828796387,"orthographic":false}